ward_id,ward_name,circle,zone,area_sq_km,population_2011,households_2011,population_density_2011,lst_2025_c,ndvi_2025,ndbi_2025,heat_percentile,vegetation_percentile,built_up_percentile,density_percentile,heat_rank,vegetation_rank,built_up_intensity_rank,heat_level,vegetation_level,built_up_level,heat_density_category
1,1-KAPRA,1-KAPRA,L.B.NAGAR ZONE,8.954194176737724,44149.0,10899,4930.538597732842,37.96327058000003,0.1484168916940689,0.04034706577658653,0.12666666666666668,0.8866666666666667,0.22,0.07432432432432433,132,18,118,Lower Heat,Highest Vegetation,Lower Built-up,Lower Heat / Lower Density
2,2-DR.A.S.RAO NAGAR,1-KAPRA,L.B.NAGAR ZONE,4.661705312791663,59164.0,14510,12691.492925915909,37.864148,0.13678932189941406,0.040522992610931396,0.06,0.8266666666666667,0.23333333333333334,0.34459459459459457,142,27,116,Lower Heat,Highest Vegetation,Lower Built-up,Lower Heat / Lower Density
3,3-CHERLAPALLY,1-KAPRA,L.B.NAGAR ZONE,14.79538366990384,57747.0,14042,3903.0417384489033,39.45010927999999,0.143996462225914,0.06269526481628418,0.72,0.8733333333333333,0.7133333333333334,0.0472972972972973,43,20,44,Higher Heat,Highest Vegetation,Higher Built-up,High Heat / Lower Density
4,4-MEERPET H.B.COLONY,1-KAPRA,L.B.NAGAR ZONE,3.01451217869933,67130.0,16611,22268.94303972079,38.506735760000026,0.12135427445173264,0.0457218736410141,0.33666666666666667,0.6866666666666666,0.3466666666666667,0.6283783783783784,100,48,99,Moderate Heat,Higher Vegetation,Moderate Built-up,Lower Heat / High Density
5,5-MALLAPUR,1-KAPRA,L.B.NAGAR ZONE,6.942441555146445,57688.0,14013,8309.468584180702,39.81583741999998,0.1341915726661682,0.06506824493408203,0.8666666666666667,0.8066666666666666,0.7333333333333333,0.21621621621621623,21,30,41,Highest Heat,Highest Vegetation,Higher Built-up,High Heat / Lower Density
6,6-NACHARAM,1-KAPRA,L.B.NAGAR ZONE,5.000632718816799,52167.0,12750,10432.079885351637,38.510153779999996,0.12530037760734558,0.036722149699926376,0.35333333333333333,0.7133333333333334,0.16666666666666666,0.28378378378378377,97,44,126,Moderate Heat,Higher Vegetation,Lower Built-up,Lower Heat / Lower Density
7,7-CHILUKA NAGAR,2-UPPAL,L.B.NAGAR ZONE,2.937031704346868,59061.0,14425,20109.078125574364,38.264056340000025,0.13165505230426788,0.036366090178489685,0.25333333333333335,0.7866666666666666,0.15333333333333332,0.581081081081081,113,33,128,Moderate Heat,Highest Vegetation,Lower Built-up,Lower Heat / High Density
8,8-HABSIGUDA,2-UPPAL,L.B.NAGAR ZONE,5.262073704718087,75227.0,18366,14296.074935733011,38.238421190000025,0.16197514533996582,0.034793343394994736,0.24666666666666667,0.94,0.12666666666666668,0.39864864864864863,114,10,132,Lower Heat,Highest Vegetation,Lower Built-up,Lower Heat / Lower Density
9,9-RAMANTHAPUR,2-UPPAL,L.B.NAGAR ZONE,2.971368620590748,68161.0,16118,22939.260894008054,38.722071020000044,0.1067151129245758,0.0453018918633461,0.4533333333333333,0.5266666666666666,0.34,0.6554054054054054,83,72,100,Moderate Heat,Higher Vegetation,Moderate Built-up,Lower Heat / High Density
10,10-UPPAL,2-UPPAL,L.B.NAGAR ZONE,8.637914482583744,68115.0,16304,7885.583972536119,40.27043408000003,0.1273268759250641,0.0536038912832737,0.9533333333333334,0.74,0.5066666666666667,0.20945945945945946,8,40,75,Highest Heat,Higher Vegetation,Higher Built-up,High Heat / Lower Density
11,11-NAGOLE,3-HAYAT NAGAR,L.B.NAGAR ZONE,11.068491356923753,50462.0,12332,4559.067570526145,39.48428948000003,0.14149443805217743,0.05440828949213028,0.7566666666666667,0.86,0.5266666666666666,0.06756756756756757,37,22,72,Highest Heat,Highest Vegetation,Higher Built-up,High Heat / Lower Density
12,12-MANSOORABAD,3-HAYAT NAGAR,L.B.NAGAR ZONE,11.00698504698958,81484.0,19401,7402.935467990477,41.44623296000003,0.12918034195899963,0.06957822293043137,0.9933333333333333,0.76,0.8333333333333334,0.1891891891891892,2,37,26,Highest Heat,Highest Vegetation,Highest Built-up,High Heat / Lower Density
13,13-HAYATHNAGAR,3-HAYAT NAGAR,L.B.NAGAR ZONE,10.1301611603598,57789.0,13591,5704.647644317188,41.719674560000044,0.13148371875286102,0.06774598360061646,1.0,0.7733333333333333,0.7666666666666667,0.12162162162162163,1,35,36,Highest Heat,Highest Vegetation,Highest Built-up,High Heat / Lower Density
14,14-B.N.REDDY NAGAR,3-HAYAT NAGAR,L.B.NAGAR ZONE,8.69389106574793,51227.0,12394,5892.298352095003,40.43449903999999,0.13740617036819458,0.0592617392539978,0.9733333333333334,0.8466666666666667,0.64,0.12837837837837837,5,24,55,Highest Heat,Highest Vegetation,Higher Built-up,High Heat / Lower Density
15,15-VANASTHALIPURAM,4-LB. NAGAR,L.B.NAGAR ZONE,3.6573122789090933,55245.0,13608,15105.354912837394,39.26553620000004,0.1081850528717041,0.04514917731285095,0.6666666666666666,0.5533333333333333,0.3333333333333333,0.43243243243243246,51,68,101,Higher Heat,Higher Vegetation,Moderate Built-up,High Heat / Lower Density
16,16-HASTHINAPURAM,4-LB. NAGAR,L.B.NAGAR ZONE,4.948204440111182,37079.0,8915,7493.425231065608,40.068770900000004,0.10648801177740097,0.05316521227359772,0.9133333333333333,0.52,0.49333333333333335,0.19594594594594594,14,73,77,Highest Heat,Higher Vegetation,Moderate Built-up,High Heat / Lower Density
17,17-CHAMPAPET,4-LB. NAGAR,L.B.NAGAR ZONE,2.2723371225804776,33864.0,8390,14902.718291000707,39.183503719999976,0.0856916680932045,0.04684615135192871,0.6266666666666667,0.24666666666666667,0.36,0.41216216216216217,57,114,97,Higher Heat,Lower Vegetation,Moderate Built-up,High Heat / Lower Density
18,18-LINGOJIGUDA,4-LB. NAGAR,L.B.NAGAR ZONE,2.7052808975259484,25242.0,5758,9330.639203893572,39.456945320000045,0.09310838580131531,0.04990881681442261,0.7333333333333333,0.35333333333333333,0.44,0.24324324324324326,40,98,85,Higher Heat,Moderate Vegetation,Moderate Built-up,High Heat / Lower Density
19,19-SAROORNAGAR,5-SAROOR NAGAR,L.B.NAGAR ZONE,2.292708943751438,45226.0,10382,19726.0101956069,38.790431420000004,0.10966306179761887,0.04016556963324547,0.5,0.58,0.21333333333333335,0.5675675675675675,76,64,119,Moderate Heat,Higher Vegetation,Lower Built-up,High Heat / High Density
20,20-R.K.PURAM,5-SAROOR NAGAR,L.B.NAGAR ZONE,2.4552942028029805,45484.0,10789,18524.86758942173,38.13075356000002,0.10308996587991714,0.03822103142738342,0.21,0.4666666666666667,0.18,0.527027027027027,119,81,124,Lower Heat,Moderate Vegetation,Lower Built-up,Lower Heat / High Density
21,21-KOTHAPET,5-SAROOR NAGAR,L.B.NAGAR ZONE,2.3857548288731873,56751.0,11159,23787.44006432714,38.510153779999996,0.10326086729764938,0.041097790002822876,0.35333333333333333,0.47333333333333333,0.24666666666666667,0.6824324324324325,97,80,114,Moderate Heat,Moderate Vegetation,Lower Built-up,Lower Heat / High Density
22,22-CHAITHANYAPURI,5-SAROOR NAGAR,L.B.NAGAR ZONE,1.9854418581933264,47220.0,9160,23783.11900957318,38.13075356000002,0.10722610354423523,0.03069443628191948,0.21,0.5333333333333333,0.08666666666666667,0.6756756756756757,119,71,138,Lower Heat,Higher Vegetation,Lower Built-up,Lower Heat / High Density
23,23-GADDIANNARAM,5-SAROOR NAGAR,L.B.NAGAR ZONE,1.4447350074786525,35196.0,6962,24361.56099063728,38.769923300000016,0.08585858345031738,0.0415302999317646,0.48333333333333334,0.26,0.25333333333333335,0.6959459459459459,78,112,113,Moderate Heat,Moderate Vegetation,Moderate Built-up,Lower Heat / High Density
24,24-SAIDABAD,6-MALAKPET,CHARMINAR ZONE,1.8049881242625512,60763.0,11725,33663.93339835708,38.22645812000002,0.11809317767620087,0.023097706958651543,0.24,0.6666666666666666,0.04,0.8986486486486487,115,51,145,Lower Heat,Higher Vegetation,Lower Built-up,Lower Heat / High Density
25,25-MOOSARAMBAGH,6-MALAKPET,CHARMINAR ZONE,1.8250930906680833,22589.0,4405,12376.902918267691,38.57851418000001,0.10782401263713837,0.028736665844917297,0.4,0.5466666666666666,0.06666666666666667,0.33783783783783783,91,69,141,Moderate Heat,Higher Vegetation,Lower Built-up,Lower Heat / Lower Density
26,26-OLD MALAKPET,6-MALAKPET,CHARMINAR ZONE,2.119960757689987,43599.0,8833,20565.94672417786,39.50479760000002,0.11406990140676498,0.054689668118953705,0.7666666666666667,0.6,0.54,0.5878378378378378,36,61,70,Highest Heat,Higher Vegetation,Higher Built-up,High Heat / High Density
27,27-AKBERBAGH,6-MALAKPET,CHARMINAR ZONE,1.4207310916357943,42758.0,8768,30095.772698807843,38.86220983999999,0.11509871482849121,0.04065777361392975,0.52,0.62,0.24,0.831081081081081,73,58,115,Higher Heat,Higher Vegetation,Lower Built-up,High Heat / High Density
28,28-AZAMPURA,6-MALAKPET,CHARMINAR ZONE,1.3835264181887492,46256.0,9617,33433.40567399955,39.74405899999999,0.08027210831642151,0.06179095804691315,0.82,0.2,0.6866666666666666,0.8918918918918919,28,121,48,Highest Heat,Lower Vegetation,Higher Built-up,High Heat / High Density
29,29-CHAWANI,6-MALAKPET,CHARMINAR ZONE,0.988226697717121,54010.0,10269,54653.45160656681,39.77482118,0.07861445844173431,0.06692378222942352,0.84,0.17333333333333334,0.76,0.972972972972973,25,125,37,Highest Heat,Lower Vegetation,Highest Built-up,High Heat / High Density
30,30-DABEERPURA,6-MALAKPET,CHARMINAR ZONE,1.2901881776607795,22888.0,4733,17740.04784441436,40.11320516000001,0.07861635088920593,0.06850667297840118,0.9333333333333333,0.18,0.7866666666666666,0.5,11,124,33,Highest Heat,Lower Vegetation,Highest Built-up,High Heat / High Density
31,31-REIN BAZAR,7-SANTOSH NAGAR,CHARMINAR ZONE,0.6660309607613213,25280.0,5214,37956.19346449472,40.12345922000003,0.07015442103147507,0.0822577252984047,0.94,0.06666666666666667,0.96,0.9391891891891891,10,141,7,Highest Heat,Lower Vegetation,Highest Built-up,High Heat / High Density
32,32-PATHER GATTI,9-CHARMINAR,CHARMINAR ZONE,1.6898885786931617,39521.0,8824,23386.748983511505,40.34904854000001,0.0744098424911499,0.07956892997026443,0.9666666666666667,0.12,0.9466666666666667,0.6621621621621622,6,133,9,Highest Heat,Lower Vegetation,Highest Built-up,High Heat / High Density
33,33-MOGHALPURA,9-CHARMINAR,CHARMINAR ZONE,0.8406543742117631,23269.0,5060,27679.62757800208,39.99699248000002,0.07814569771289825,0.07350214570760727,0.9066666666666666,0.16,0.88,0.7837837837837838,15,127,19,Highest Heat,Lower Vegetation,Highest Built-up,High Heat / High Density
34,34-TALABCHANCHALAM,7-SANTOSH NAGAR,CHARMINAR ZONE,0.6607860113630745,47127.0,9875,71319.60905586676,40.60198202000004,0.06073850765824318,0.09810759127140045,0.98,0.006666666666666667,1.0,1.0,4,150,1,Highest Heat,Lower Vegetation,Highest Built-up,High Heat / High Density
35,35-GOWLIPURA,7-SANTOSH NAGAR,CHARMINAR ZONE,1.042579514059424,40214.0,7882,38571.63838125052,39.456945320000045,0.07816953957080841,0.06591796875,0.7333333333333333,0.16666666666666666,0.74,0.9527027027027027,40,126,40,Higher Heat,Lower Vegetation,Higher Built-up,High Heat / High Density
36,36-LALITHABAGH,8-CHANDRAYANGUTTA,CHARMINAR ZONE,0.9899954869086588,32375.0,6365,32702.16928068386,39.37149482000001,0.07254425436258316,0.07383301109075546,0.7,0.07333333333333333,0.8866666666666667,0.8716216216216216,46,140,18,Higher Heat,Lower Vegetation,Highest Built-up,High Heat / High Density
37,37-KURMAGUDA,7-SANTOSH NAGAR,CHARMINAR ZONE,1.0359994227496545,30725.0,5854,29657.352432159205,39.76114910000001,0.07628969848155975,0.06849906593561172,0.8333333333333334,0.14,0.78,0.8243243243243243,26,130,34,Highest Heat,Lower Vegetation,Highest Built-up,High Heat / High Density
38,38-I.S.SADAN,7-SANTOSH NAGAR,CHARMINAR ZONE,2.663589390754467,25782.0,5007,9679.419842071527,38.76308726000002,0.12722185254096985,0.022389814257621765,0.4666666666666667,0.7333333333333333,0.03333333333333333,0.2635135135135135,81,41,146,Moderate Heat,Higher Vegetation,Lower Built-up,Lower Heat / Lower Density
39,39-SANTOSH NAGAR,7-SANTOSH NAGAR,CHARMINAR ZONE,1.064852272020898,68878.0,12960,64683.15071468266,39.32022452000001,0.0730985477566719,0.05978216230869293,0.68,0.1,0.6533333333333333,0.9932432432432432,49,136,53,Higher Heat,Lower Vegetation,Higher Built-up,High Heat / High Density
40,40-RIYASATNAGAR,8-CHANDRAYANGUTTA,CHARMINAR ZONE,1.1337345916682582,31269.0,6238,27580.52919068876,39.68595266,0.06723998486995697,0.0695074051618576,0.8,0.03333333333333333,0.82,0.7702702702702703,31,146,28,Highest Heat,Lower Vegetation,Highest Built-up,High Heat / High Density
41,41-KANCHANBAGH,8-CHANDRAYANGUTTA,CHARMINAR ZONE,4.998944944571213,31812.0,7257,6363.742820281988,39.05703698000002,0.1890965700149536,0.06485414505004883,0.5733333333333334,0.9933333333333333,0.72,0.1554054054054054,65,2,43,Higher Heat,Highest Vegetation,Higher Built-up,High Heat / Lower Density
42,42-BARKAS,8-CHANDRAYANGUTTA,CHARMINAR ZONE,1.583707243637975,28678.0,6379,18108.14474405195,39.456945320000045,0.16545093059539795,0.0500008687376976,0.7333333333333333,0.9466666666666667,0.44666666666666666,0.5135135135135135,40,9,84,Higher Heat,Highest Vegetation,Moderate Built-up,High Heat / High Density
43,43-CHANDRAYANGUTTA,8-CHANDRAYANGUTTA,CHARMINAR ZONE,1.94397796006643,57542.0,8669,29600.129827620916,39.884197820000054,0.0883546695113182,0.07621124386787415,0.9,0.3,0.9266666666666666,0.8175675675675675,16,106,12,Highest Heat,Moderate Vegetation,Highest Built-up,High Heat / High Density
44,44-UPPUGUDA,8-CHANDRAYANGUTTA,CHARMINAR ZONE,1.4184211993614475,41854.0,7013,29507.45520360388,39.720132860000035,0.06936541199684143,0.07284320890903473,0.8066666666666666,0.04666666666666667,0.8666666666666667,0.8108108108108109,30,144,21,Highest Heat,Lower Vegetation,Highest Built-up,High Heat / High Density
45,45-JANGAMMET,8-CHANDRAYANGUTTA,CHARMINAR ZONE,1.686439228540921,38433.0,6564,22789.436671994157,39.836345540000025,0.08661963045597076,0.06801941990852356,0.8733333333333333,0.26666666666666666,0.7733333333333333,0.6486486486486487,20,111,35,Highest Heat,Moderate Vegetation,Highest Built-up,High Heat / High Density
46,46-FALAKNUMA,10-FALAKNUMA,CHARMINAR ZONE,1.8633344753085546,21082.0,3575,11314.125445196292,40.834407380000016,0.08573376387357712,0.09397555142641068,0.9866666666666667,0.25333333333333335,0.9933333333333333,0.30405405405405406,3,113,2,Highest Heat,Moderate Vegetation,Highest Built-up,High Heat / Lower Density
47,47-NAWABSAHEBKUNTA,10-FALAKNUMA,CHARMINAR ZONE,1.0228271962674278,28268.0,5066,27637.121992021286,40.13713130000002,0.07535435259342194,0.0928022712469101,0.9466666666666667,0.12666666666666668,0.9866666666666667,0.777027027027027,9,132,3,Highest Heat,Lower Vegetation,Highest Built-up,High Heat / High Density
48,48-SHALIBANDA,9-CHARMINAR,CHARMINAR ZONE,1.5507590214279194,37323.0,6457,24067.569160831612,39.80900138000004,0.0767311304807663,0.0760684534907341,0.86,0.14666666666666667,0.92,0.6891891891891891,22,129,13,Highest Heat,Lower Vegetation,Highest Built-up,High Heat / High Density
49,49-GANSIBAZAR,9-CHARMINAR,CHARMINAR ZONE,1.7332401721614656,17601.0,3197,10154.968874308044,39.86027167999998,0.07438530772924423,0.06884345412254333,0.88,0.11333333333333333,0.8,0.2702702702702703,19,134,31,Highest Heat,Lower Vegetation,Highest Built-up,High Heat / Lower Density
50,50-BEGUM BAZAR,14-GOSHAMAHAL,KHAIRATHABAD ZONE,1.5696364031922398,30615.0,5841,19504.517057413363,39.66544454000001,0.06987449526786804,0.06494704633951187,0.7933333333333333,0.06,0.7266666666666667,0.5540540540540541,32,142,42,Highest Heat,Lower Vegetation,Higher Built-up,High Heat / High Density
51,51-GOSHA MAHAL,14-GOSHAMAHAL,KHAIRATHABAD ZONE,1.141012764451892,35729.0,6722,31313.409554329686,39.15615955999999,0.10407265275716782,0.054846446961164474,0.6,0.4866666666666667,0.5466666666666666,0.8445945945945946,61,78,69,Higher Heat,Moderate Vegetation,Higher Built-up,High Heat / High Density
52,52-PURANAPOOL,9-CHARMINAR,CHARMINAR ZONE,0.7906889969908091,28660.0,5735,36246.868375649276,39.57486701000002,0.0690716877579689,0.07630216330289841,0.78,0.04,0.9333333333333333,0.9256756756756757,34,145,11,Highest Heat,Lower Vegetation,Highest Built-up,High Heat / High Density
53,53-DOODBOWLI,10-FALAKNUMA,CHARMINAR ZONE,1.2005474382621684,31292.0,6310,26064.77595362345,39.64835444000005,0.08009286224842072,0.06957390904426575,0.7866666666666666,0.18666666666666668,0.8266666666666667,0.722972972972973,33,123,27,Highest Heat,Lower Vegetation,Highest Built-up,High Heat / High Density
54,54-JAHANUMA,10-FALAKNUMA,CHARMINAR ZONE,1.520779030143756,40105.0,7489,26371.352579874118,39.785075240000026,0.07263389229774475,0.08839154243469238,0.8466666666666667,0.08,0.98,0.7297297297297297,24,139,4,Highest Heat,Lower Vegetation,Highest Built-up,High Heat / High Density
55,55-RAMNASTPURA,10-FALAKNUMA,CHARMINAR ZONE,4.365674814870169,38482.0,6908,8814.673935155295,36.30894890000002,0.2866241931915283,-0.016423996537923813,0.013333333333333334,1.0,0.013333333333333334,0.23648648648648649,149,1,149,Lower Heat,Highest Vegetation,Lower Built-up,Lower Heat / Lower Density
56,56-KISHAN BAGH,10-FALAKNUMA,CHARMINAR ZONE,1.5854576752250116,56773.0,10259,35808.58756884989,39.74064098000002,0.06978286057710648,0.08039772510528564,0.8133333333333334,0.05333333333333334,0.9533333333333334,0.918918918918919,29,143,8,Highest Heat,Lower Vegetation,Highest Built-up,High Heat / High Density
57,57-SULEMAN NAGAR,11-RAJENDRA NAGAR,CHARMINAR ZONE,3.433463253764429,53631.0,9964,15620.088533406986,39.87394376000003,0.09274011850357056,0.08517678081989288,0.8933333333333333,0.3466666666666667,0.9733333333333334,0.4594594594594595,17,99,5,Highest Heat,Moderate Vegetation,Highest Built-up,High Heat / Lower Density
58,58-SHASTRIPURAM,11-RAJENDRA NAGAR,CHARMINAR ZONE,4.884596331973682,52306.0,12237,10708.35672901247,39.870525740000005,0.09745390713214874,0.07454518228769302,0.8866666666666667,0.4,0.8933333333333333,0.2905405405405405,18,91,17,Highest Heat,Moderate Vegetation,Highest Built-up,High Heat / Lower Density
59,59-MAILARDEVPALLY,11-RAJENDRA NAGAR,CHARMINAR ZONE,13.206245232379723,57040.0,13104,4319.168620324156,40.10636912000001,0.12761828303337097,0.07328996062278748,0.9266666666666666,0.7466666666666667,0.8733333333333333,0.05405405405405406,12,39,20,Highest Heat,Higher Vegetation,Highest Built-up,High Heat / Lower Density
60,60-RAJENDRANAGAR,11-RAJENDRA NAGAR,CHARMINAR ZONE,21.67471943650503,66846.0,13083,3084.0537611488767,39.07070906000001,0.16554880142211914,0.06218937784433365,0.58,0.9533333333333334,0.7,0.02027027027027027,64,8,46,Higher Heat,Highest Vegetation,Higher Built-up,High Heat / Lower Density
61,61-ATTAPUR,11-RAJENDRA NAGAR,CHARMINAR ZONE,4.531228684756513,43718.0,9040,9648.155730270584,38.71865300000002,0.09138479083776474,0.05630477890372276,0.44666666666666666,0.32666666666666666,0.5866666666666667,0.25675675675675674,84,102,63,Moderate Heat,Moderate Vegetation,Higher Built-up,Lower Heat / Lower Density
62,62-ZIAGUDA,13-KARWAN,KHAIRATHABAD ZONE,1.494905176336775,33674.0,7061,22525.843466886126,39.11343431,0.0958605632185936,0.06235954537987709,0.5866666666666667,0.38,0.7066666666666667,0.6418918918918919,63,94,45,Higher Heat,Moderate Vegetation,Higher Built-up,High Heat / High Density
63,63-MANGALHAT,14-GOSHAMAHAL,KHAIRATHABAD ZONE,1.151686025757111,37129.0,7263,32238.82131902367,39.21768392000001,0.10237767547369003,0.06028871238231659,0.64,0.46,0.66,0.8648648648648649,55,82,52,Higher Heat,Moderate Vegetation,Higher Built-up,High Heat / High Density
64,64-DATTATHREYA NAGAR,14-GOSHAMAHAL,KHAIRATHABAD ZONE,0.6802641277382367,42684.0,9207,62746.21615271275,39.52872374000003,0.07360362261533737,0.07719963043928146,0.7733333333333333,0.10666666666666667,0.94,0.9864864864864865,35,135,10,Highest Heat,Lower Vegetation,Highest Built-up,High Heat / High Density
65,65-KARWAN,13-KARWAN,KHAIRATHABAD ZONE,1.8893148532272257,42365.0,8887,22423.472682509426,39.22793797999998,0.08665268868207932,0.06870477646589279,0.6466666666666666,0.2733333333333333,0.7933333333333333,0.6351351351351351,54,110,32,Higher Heat,Moderate Vegetation,Highest Built-up,High Heat / High Density
66,66-LUNGER HOUSE,13-KARWAN,KHAIRATHABAD ZONE,6.957304923722271,41452.0,8121,5958.054225661638,39.36807680000004,0.1825089156627655,0.05650318041443825,0.6933333333333334,0.98,0.5933333333333334,0.14189189189189189,47,4,62,Higher Heat,Highest Vegetation,Higher Built-up,High Heat / Lower Density
67,67-GOLCONDA,13-KARWAN,KHAIRATHABAD ZONE,2.606518184133127,40688.0,8964,15610.09635293681,39.47403542000001,0.11683599650859833,0.06686235219240189,0.7466666666666667,0.6533333333333333,0.7533333333333333,0.4527027027027027,39,53,38,Higher Heat,Higher Vegetation,Highest Built-up,High Heat / Lower Density
68,68-TOLICHOWKI,13-KARWAN,KHAIRATHABAD ZONE,2.1917906879156406,60074.0,13613,27408.639123806777,38.311908620000054,0.1609066128730774,0.044446174055337906,0.28,0.9266666666666666,0.32,0.7567567567567568,109,12,103,Moderate Heat,Highest Vegetation,Moderate Built-up,Lower Heat / High Density
69,69-NANALNAGAR,13-KARWAN,KHAIRATHABAD ZONE,3.025390354795683,39933.0,8755,13199.288460975093,38.95107836,0.17383360862731934,0.05119948461651802,0.5533333333333333,0.9733333333333334,0.46,0.3716216216216216,68,5,82,Higher Heat,Highest Vegetation,Moderate Built-up,High Heat / Lower Density
70,70-MEHDIPATNAM,12-MEDHDIPATNAM,KHAIRATHABAD ZONE,1.2169590611453294,63787.0,12437,52415.07462047858,38.42812130000004,0.0812106654047966,0.04821529984474182,0.3,0.20666666666666667,0.3933333333333333,0.9662162162162162,106,120,92,Moderate Heat,Lower Vegetation,Moderate Built-up,Lower Heat / High Density
71,71-GUDIMALKAPUR,12-MEDHDIPATNAM,KHAIRATHABAD ZONE,1.7001517354963642,49565.0,9350,29153.28024267749,38.74599716,0.11568444222211838,0.04907212033867836,0.46,0.6333333333333333,0.42,0.8040540540540541,82,56,88,Moderate Heat,Higher Vegetation,Moderate Built-up,Lower Heat / High Density
72,72-ASIF NAGAR,12-MEDHDIPATNAM,KHAIRATHABAD ZONE,1.229814708074291,40889.0,8257,33248.0980521254,39.15957758000002,0.07575483620166779,0.06633946299552917,0.6066666666666667,0.13333333333333333,0.7466666666666667,0.8851351351351351,60,131,39,Higher Heat,Lower Vegetation,Higher Built-up,High Heat / High Density
73,73-VIJAYANAGAR COLONY,12-MEDHDIPATNAM,KHAIRATHABAD ZONE,1.7101630758083628,31635.0,7067,18498.235897793966,38.78701339999998,0.09920629113912582,0.045899465680122375,0.49333333333333335,0.4266666666666667,0.35333333333333333,0.5202702702702703,77,87,98,Moderate Heat,Moderate Vegetation,Moderate Built-up,Lower Heat / High Density
74,74-AHMED NAGAR,12-MEDHDIPATNAM,KHAIRATHABAD ZONE,1.7089026166699415,25847.0,5756,15124.911008894607,38.70839894000005,0.15771612524986267,0.04341275244951248,0.44,0.9133333333333333,0.29333333333333333,0.4391891891891892,85,14,107,Moderate Heat,Highest Vegetation,Moderate Built-up,Lower Heat / Lower Density
75,75-RED HILLS,12-MEDHDIPATNAM,KHAIRATHABAD ZONE,1.9754833948766315,34868.0,7288,17650.36349605839,38.61611240000002,0.11489077657461166,0.03824082016944885,0.41333333333333333,0.6066666666666667,0.18666666666666668,0.49324324324324326,89,60,123,Moderate Heat,Higher Vegetation,Lower Built-up,Lower Heat / Lower Density
76,76-MALLEPALLY,12-MEDHDIPATNAM,KHAIRATHABAD ZONE,0.94883018927764,27280.0,5604,28751.193109452717,39.17324966000001,0.07266359031200409,0.0694672241806984,0.6133333333333333,0.08666666666666667,0.8133333333333334,0.7972972972972973,59,138,29,Higher Heat,Lower Vegetation,Highest Built-up,High Heat / High Density
77,77-JAMBAGH(Nampally),14-GOSHAMAHAL,KHAIRATHABAD ZONE,2.0781149058642256,40798.0,8247,19632.21566087239,39.79874732000002,0.08250442892313004,0.059039682149887085,0.8533333333333334,0.22666666666666666,0.6333333333333333,0.5608108108108109,23,117,56,Highest Heat,Lower Vegetation,Higher Built-up,High Heat / High Density
78,78-GUNFOUNDRY(Abids),14-GOSHAMAHAL,KHAIRATHABAD ZONE,3.2173706551751247,22309.0,4949,6933.92288019911,39.23306501000002,0.11587301641702652,0.036380112171173096,0.6533333333333333,0.64,0.16,0.17567567567567569,53,55,127,Higher Heat,Higher Vegetation,Lower Built-up,High Heat / Lower Density
79,79-HIMAYATNAGAR,16-AMBERPET,SECUNDERABAD ZONE,2.0540392688321627,31267.0,6830,15222.201675714337,38.91348014000005,0.0878804549574852,0.04450053721666336,0.5333333333333333,0.2866666666666667,0.32666666666666666,0.44594594594594594,71,108,102,Higher Heat,Moderate Vegetation,Moderate Built-up,High Heat / Lower Density
80,80-KACHIGUDA(Barkathpura),16-AMBERPET,SECUNDERABAD ZONE,1.4705521899779932,40354.0,8921,27441.39261089666,38.98354955000002,0.08833670616149902,0.03896801546216011,0.56,0.29333333333333333,0.2,0.7635135135135135,67,107,121,Higher Heat,Moderate Vegetation,Lower Built-up,High Heat / High Density
81,81-NALLAKUNTA,16-AMBERPET,SECUNDERABAD ZONE,1.3768673162240899,30388.0,6911,22070.390982433815,38.363178919999996,0.09227748960256577,0.03746262192726135,0.29333333333333333,0.34,0.17333333333333334,0.6216216216216216,107,100,125,Moderate Heat,Moderate Vegetation,Lower Built-up,Lower Heat / High Density
82,82-GOLNAKA,16-AMBERPET,SECUNDERABAD ZONE,1.7093298967423853,37320.0,8213,21833.11721811213,39.248446100000024,0.10843373835086823,0.042118873447179794,0.66,0.5666666666666667,0.26666666666666666,0.6148648648648649,52,66,111,Higher Heat,Higher Vegetation,Moderate Built-up,High Heat / High Density
83,83-AMBERPET,16-AMBERPET,SECUNDERABAD ZONE,1.9234929274794146,26762.0,6110,13913.230258179054,39.48428948000003,0.11389759927988052,0.05296948552131653,0.7566666666666667,0.5933333333333334,0.4866666666666667,0.3918918918918919,37,62,78,Highest Heat,Higher Vegetation,Moderate Built-up,High Heat / Lower Density
84,84-BAGH AMBERPET,16-AMBERPET,SECUNDERABAD ZONE,1.5565823374299754,41720.0,9426,26802.308491359727,38.46913754000002,0.09468085318803787,0.03404469043016434,0.31333333333333335,0.37333333333333335,0.11333333333333333,0.7364864864864865,104,95,134,Moderate Heat,Moderate Vegetation,Lower Built-up,Lower Heat / High Density
85,85-ADIKMET,15-MUSHEERABAD,SECUNDERABAD ZONE,1.1814415238622733,24826.0,5764,21013.31254960537,38.12733553999999,0.10152371227741241,0.034735556691884995,0.2,0.44666666666666666,0.12,0.5945945945945946,121,84,133,Lower Heat,Moderate Vegetation,Lower Built-up,Lower Heat / High Density
86,86-MUSHEERABAD,15-MUSHEERABAD,SECUNDERABAD ZONE,0.8401683871182314,27719.0,6802,32992.19588001385,38.510153779999996,0.08155487477779388,0.05765935778617859,0.35333333333333333,0.21333333333333335,0.6133333333333333,0.8783783783783784,97,119,59,Moderate Heat,Lower Vegetation,Higher Built-up,Lower Heat / High Density
87,87-RAMNAGAR,15-MUSHEERABAD,SECUNDERABAD ZONE,1.7348816043373887,32531.0,8066,18751.13547729657,38.92715222000004,0.10506036132574081,0.04694099351763725,0.54,0.49333333333333335,0.36666666666666664,0.5472972972972973,70,77,96,Higher Heat,Moderate Vegetation,Moderate Built-up,High Heat / High Density
88,88-BHOLAKPUR,15-MUSHEERABAD,SECUNDERABAD ZONE,1.0007463994613868,36526.0,9009,36498.75734717478,39.20230283000001,0.0777730941772461,0.054143425077199936,0.6333333333333333,0.15333333333333332,0.5133333333333333,0.9324324324324325,56,128,74,Higher Heat,Lower Vegetation,Higher Built-up,High Heat / High Density
89,89-GANDHINAGAR,15-MUSHEERABAD,SECUNDERABAD ZONE,1.3574741520963989,34664.0,8513,25535.661173707853,38.11537247000001,0.10057737678289413,0.02909993939101696,0.19333333333333333,0.43333333333333335,0.08,0.7162162162162162,122,86,139,Lower Heat,Moderate Vegetation,Lower Built-up,Lower Heat / High Density
90,90-KAVADIGUDA,15-MUSHEERABAD,SECUNDERABAD ZONE,2.0137316677583152,34899.0,8218,17330.511586406912,38.05213909999998,0.15847019851207733,0.009898104704916477,0.16666666666666666,0.92,0.02666666666666667,0.4864864864864865,126,13,147,Lower Heat,Highest Vegetation,Lower Built-up,Lower Heat / Lower Density
91,91-KHAIRTABAD,17-KHAIRATABAD,KHAIRATHABAD ZONE,8.789901245247028,28426.0,6284,3233.938494516172,33.50617250000005,0.1268855333328247,-0.0948326587677002,0.006666666666666667,0.7266666666666667,0.006666666666666667,0.02702702702702703,150,42,150,Lower Heat,Higher Vegetation,Lower Built-up,Lower Heat / Lower Density
92,92-VENKATESHWARA COLONY,18-JUBILEE HILLS,KHAIRATHABAD ZONE,4.908437276276372,31697.0,7007,6457.65611658094,37.80262363999998,0.1492077112197876,0.042761966586112976,0.04,0.8933333333333333,0.2733333333333333,0.16216216216216217,145,17,110,Lower Heat,Highest Vegetation,Moderate Built-up,Lower Heat / Lower Density
93,93-BANJARA HILLS,18-JUBILEE HILLS,KHAIRATHABAD ZONE,3.4915820831640865,26593.0,6569,7616.318152228949,37.86756602000003,0.12398333102464676,0.027361609041690826,0.06666666666666667,0.7,0.05333333333333334,0.20270270270270271,141,46,143,Lower Heat,Higher Vegetation,Lower Built-up,Lower Heat / Lower Density
94,94-SHAIKPET,18-JUBILEE HILLS,KHAIRATHABAD ZONE,4.407255882281846,28887.0,7072,6554.418615931106,38.66396468000005,0.09727626293897629,0.051463134586811066,0.4266666666666667,0.3933333333333333,0.4666666666666667,0.16891891891891891,87,92,81,Moderate Heat,Moderate Vegetation,Moderate Built-up,Lower Heat / Lower Density
95,95-JUBILEE HILLS,18-JUBILEE HILLS,KHAIRATHABAD ZONE,8.789084776584623,32690.0,7948,3719.386128472765,37.39929728000004,0.1615646332502365,0.00817139632999897,0.02666666666666667,0.9333333333333333,0.02,0.033783783783783786,147,11,148,Lower Heat,Highest Vegetation,Lower Built-up,Lower Heat / Lower Density
96,96-YOUSUFGUDA,19-YOUSUFGUDA,SERILINGAMPALLY ZONE,1.9484302158364974,28768.0,6237,14764.706360114295,38.02479493999999,0.12429190427064896,0.0481044165790081,0.15333333333333332,0.7066666666666667,0.38666666666666666,0.40540540540540543,128,45,93,Lower Heat,Higher Vegetation,Moderate Built-up,Lower Heat / Lower Density
97,97-SOMAJIGUDA,17-KHAIRATABAD,KHAIRATHABAD ZONE,2.3752757665479467,35780.0,8746,15063.514099670227,37.85047592000001,0.10535211116075516,0.03112862817943096,0.04666666666666667,0.5,0.1,0.4189189189189189,144,76,136,Lower Heat,Moderate Vegetation,Lower Built-up,Lower Heat / Lower Density
98,98-AMEERPET,17-KHAIRATABAD,KHAIRATHABAD ZONE,2.4066564305799507,26569.0,6679,11039.797647226887,37.87782007999999,0.1218855232000351,0.02437923476099968,0.07333333333333333,0.6933333333333334,0.04666666666666667,0.2972972972972973,140,47,144,Lower Heat,Higher Vegetation,Lower Built-up,Lower Heat / Lower Density
99,99-VENGALRAO NAGAR,19-YOUSUFGUDA,SERILINGAMPALLY ZONE,2.2277457033121713,20958.0,5459,9407.716495127803,38.04530306000004,0.1374010294675827,0.03589669615030289,0.16,0.84,0.14666666666666667,0.25,127,25,129,Lower Heat,Highest Vegetation,Lower Built-up,Lower Heat / Lower Density
100,100-SANATH NAGAR,17-KHAIRATABAD,KHAIRATHABAD ZONE,2.5279570767533577,38112.0,9363,15076.205347974914,38.59560428000003,0.10869558155536652,0.038978300988674164,0.4066666666666667,0.5733333333333334,0.20666666666666667,0.42567567567567566,90,65,120,Moderate Heat,Higher Vegetation,Lower Built-up,Lower Heat / Lower Density
101,101-ERRAGADDA,19-YOUSUFGUDA,SERILINGAMPALLY ZONE,1.568931722472392,28195.0,6733,17970.826643475008,38.496481700000004,0.0831669420003891,0.057462044060230255,0.32,0.24,0.6066666666666667,0.5067567567567568,103,115,60,Moderate Heat,Lower Vegetation,Higher Built-up,Lower Heat / High Density
102,102-RAHAMATH NAGAR,19-YOUSUFGUDA,SERILINGAMPALLY ZONE,1.0303906497545074,42054.0,9772,40813.64675622731,39.18008570000001,0.06205950677394867,0.07476847618818283,0.62,0.013333333333333334,0.9,0.9594594594594594,58,149,16,Higher Heat,Lower Vegetation,Highest Built-up,High Heat / High Density
103,103-BORABANDA,19-YOUSUFGUDA,SERILINGAMPALLY ZONE,0.9097034955603217,54039.0,13470,59402.871665031125,38.506735760000026,0.06407620012760162,0.06935729831457138,0.33666666666666667,0.02,0.8066666666666666,0.9797297297297297,100,148,30,Moderate Heat,Lower Vegetation,Highest Built-up,Lower Heat / High Density
104,104-KONDAPUR,20-SERILINGAMPALLY,SERILINGAMPALLY ZONE,14.637967787632594,30701.0,7774,2097.353980102267,37.891492159999984,0.10556250810623169,0.054922573268413544,0.09333333333333334,0.5133333333333333,0.5533333333333333,0.013513513513513514,137,74,68,Lower Heat,Higher Vegetation,Higher Built-up,Lower Heat / Lower Density
105,105-GACHIBOWLI,20-SERILINGAMPALLY,SERILINGAMPALLY ZONE,49.74913448030188,69177.0,15740,1390.5166536593829,38.56484210000002,0.15202052891254425,0.0710507482290268,0.38666666666666666,0.9066666666666666,0.8466666666666667,0.006756756756756757,93,15,24,Moderate Heat,Highest Vegetation,Highest Built-up,Lower Heat / Lower Density
106,106-SERILINGAMPALLY,20-SERILINGAMPALLY,SERILINGAMPALLY ZONE,11.393187898618585,43270.0,10566,3797.8834708103473,37.90174622000001,0.13146555423736572,0.05429231375455856,0.11333333333333333,0.7666666666666667,0.52,0.04054054054054054,134,36,73,Lower Heat,Highest Vegetation,Higher Built-up,Lower Heat / Lower Density
107,107-MADHAPUR,21-CHANDA NAGAR,SERILINGAMPALLY ZONE,10.97903039370123,60103.0,13866,5474.34498719319,38.10340940000003,0.10544884204864502,0.05627967417240143,0.18666666666666668,0.5066666666666667,0.58,0.10135135135135136,123,75,64,Lower Heat,Higher Vegetation,Higher Built-up,Lower Heat / Lower Density
108,108-MIYAPUR,21-CHANDA NAGAR,SERILINGAMPALLY ZONE,8.167895308614865,40905.0,9223,5008.022073551379,38.769923300000016,0.13402941823005676,0.06185803934931755,0.48333333333333334,0.8,0.6933333333333334,0.08108108108108109,78,31,47,Moderate Heat,Highest Vegetation,Higher Built-up,Lower Heat / Lower Density
109,109-HAFEEZPET,21-CHANDA NAGAR,SERILINGAMPALLY ZONE,3.9205325569822347,51014.0,12367,13012.00774602601,37.98719672000004,0.09911543130874634,0.048273004591464996,0.13333333333333333,0.42,0.4,0.36486486486486486,131,88,91,Lower Heat,Moderate Vegetation,Moderate Built-up,Lower Heat / Lower Density
110,110-CHANDANAGAR,21-CHANDA NAGAR,SERILINGAMPALLY ZONE,6.746740379496031,39937.0,8170,5919.451135450868,38.30507258,0.12030888348817825,0.05457228049635887,0.2733333333333333,0.68,0.5333333333333333,0.13513513513513514,110,49,71,Moderate Heat,Higher Vegetation,Higher Built-up,Lower Heat / Lower Density
111,111-BHARATHI NAGAR,22-RAMACHANDRAPURAM & PATANCHERUVU,SERILINGAMPALLY ZONE,1.9909299806195,54122.0,11784,27184.280977656148,38.05555712,0.11679790169000626,0.035004597157239914,0.17333333333333334,0.6466666666666666,0.14,0.75,125,54,130,Lower Heat,Higher Vegetation,Lower Built-up,Lower Heat / High Density
112,112-RAMACHANDRAPURAM,22-RAMACHANDRAPURAM & PATANCHERUVU,SERILINGAMPALLY ZONE,2.4164560495235174,93141.0,22527,38544.46267225334,39.28262630000006,0.09069650620222092,0.060844287276268005,0.6733333333333333,0.32,0.6733333333333333,0.9459459459459459,50,103,50,Higher Heat,Moderate Vegetation,Higher Built-up,High Heat / High Density
113,113-PATANCHERUVU,22-RAMACHANDRAPURAM & PATANCHERUVU,SERILINGAMPALLY ZONE,14.608825439263816,78284.0,19378,5358.678582714653,40.08586100000002,0.14641423523426056,0.05901884287595749,0.92,0.88,0.6266666666666667,0.08783783783783784,13,19,57,Highest Heat,Highest Vegetation,Higher Built-up,High Heat / Lower Density
114,114-K.P.H.B.COLONY,23-MOOSAPET,KUKATPALLY ZONE,6.1462622821564254,83773.0,20925,13629.90971654534,37.86072998000003,0.1364479660987854,0.03490183874964714,0.05333333333333334,0.82,0.13333333333333333,0.3783783783783784,143,28,131,Lower Heat,Highest Vegetation,Lower Built-up,Lower Heat / Lower Density
115,115-BALAJI NAGAR,23-MOOSAPET,KUKATPALLY ZONE,8.75505197104927,,,,37.89832820000004,0.14369256794452667,0.06163187325000763,0.10666666666666667,0.8666666666666667,0.68,,135,21,49,Lower Heat,Highest Vegetation,Higher Built-up,
116,116-ALLAPUR,23-MOOSAPET,KUKATPALLY ZONE,3.2735703441978723,,,,38.81777557999999,0.0940675213932991,0.07137008011341095,0.5066666666666667,0.36,0.8533333333333334,,75,97,23,Higher Heat,Moderate Vegetation,Highest Built-up,
117,117-MOOSAPET,23-MOOSAPET,KUKATPALLY ZONE,1.9330529414490925,69083.0,18596,35737.76926575672,38.89639004000003,0.08169274032115936,0.0586356557905674,0.5266666666666666,0.22,0.62,0.9121621621621622,72,118,58,Higher Heat,Lower Vegetation,Higher Built-up,High Heat / High Density
118,118-FATEH NAGAR,23-MOOSAPET,KUKATPALLY ZONE,3.32759094802383,52236.0,12392,15697.842918770291,39.750895040000046,0.0896884948015213,0.05581166222691536,0.8266666666666667,0.31333333333333335,0.5733333333333334,0.46621621621621623,27,104,65,Highest Heat,Moderate Vegetation,Higher Built-up,High Heat / Lower Density
119,119-OLD BOWENPALLY,24-KUKATPALLY,KUKATPALLY ZONE,3.021889459824021,83665.0,20206,27686.320466822177,38.35634288000006,0.0946367084980011,0.048431091010570526,0.2866666666666667,0.36666666666666664,0.4066666666666667,0.7905405405405406,108,96,90,Moderate Heat,Moderate Vegetation,Moderate Built-up,Lower Heat / High Density
120,120-BALA NAGAR,24-KUKATPALLY,KUKATPALLY ZONE,7.433558989598791,41373.0,9586,5565.705479419759,38.27089238000002,0.18810802698135376,0.05529991164803505,0.2633333333333333,0.9866666666666667,0.5666666666666667,0.10810810810810811,111,3,66,Moderate Heat,Highest Vegetation,Higher Built-up,Lower Heat / Lower Density
121,121-KUKATPALLY,24-KUKATPALLY,KUKATPALLY ZONE,3.264105832223064,71076.0,16514,21775.02925865388,38.68447279999998,0.0888519138097763,0.05252619832754135,0.43333333333333335,0.30666666666666664,0.47333333333333333,0.6081081081081081,86,105,80,Moderate Heat,Moderate Vegetation,Moderate Built-up,Lower Heat / High Density
122,122-VIVEKANANDA NAGAR COLONY,24-KUKATPALLY,KUKATPALLY ZONE,1.6775796973904136,45374.0,11275,27047.299195729578,37.344608960000016,0.08722864091396332,0.04440587759017944,0.02,0.28,0.31333333333333335,0.7432432432432432,148,109,104,Lower Heat,Moderate Vegetation,Moderate Built-up,Lower Heat / High Density
123,123-HYDER NAGAR,24-KUKATPALLY,KUKATPALLY ZONE,3.643554488697063,67730.0,16919,18588.990561307695,38.086319300000014,0.10732414573431015,0.04753527790307999,0.18,0.54,0.37333333333333335,0.5337837837837838,124,70,95,Lower Heat,Higher Vegetation,Moderate Built-up,Lower Heat / High Density
124,124-ALLYWN COLONY,24-KUKATPALLY,KUKATPALLY ZONE,2.735582516971972,87393.0,22167,31946.760683620574,38.00770484000003,0.09138679504394531,0.055005818605422974,0.14666666666666667,0.3333333333333333,0.56,0.8513513513513513,129,101,67,Lower Heat,Moderate Vegetation,Higher Built-up,Lower Heat / High Density
125,125-GAJULARAMARAM,26-GAJULARAMARAM,KUKATPALLY ZONE,10.711081597570889,58278.0,13135,5440.907108131504,39.41251106000004,0.11148424446582794,0.07532383501529694,0.7133333333333334,0.5866666666666667,0.9066666666666666,0.0945945945945946,44,63,15,Higher Heat,Higher Vegetation,Highest Built-up,High Heat / Lower Density
126,126-JAGADGIRI GUTTA,26-GAJULARAMARAM,KUKATPALLY ZONE,2.2854282544198523,56774.0,13491,24841.733662040453,38.93398825999998,0.0802321583032608,0.07257052510976791,0.5466666666666666,0.19333333333333333,0.86,0.7094594594594594,69,122,22,Higher Heat,Lower Vegetation,Highest Built-up,High Heat / High Density
127,127-RANGAREDDY NAGAR,25-QUTUBULLAPUR,KUKATPALLY ZONE,2.5902801048443975,48437.0,12356,18699.52207462509,39.373203829999994,0.10841630399227142,0.07080867141485214,0.7066666666666667,0.56,0.84,0.5405405405405406,45,67,25,Higher Heat,Higher Vegetation,Highest Built-up,High Heat / High Density
128,128-CHINTAL,26-GAJULARAMARAM,KUKATPALLY ZONE,4.291447254106955,55187.0,14016,12859.76425486426,38.84853776,0.16822656989097595,0.07589077949523926,0.5133333333333333,0.96,0.9133333333333333,0.35135135135135137,74,7,14,Higher Heat,Highest Vegetation,Highest Built-up,High Heat / Lower Density
129,129-SURARAM,26-GAJULARAMARAM,KUKATPALLY ZONE,8.689154422127569,52956.0,13394,6094.494058609853,39.35098670000002,0.13445903360843658,0.08266578614711761,0.6866666666666666,0.8133333333333334,0.9666666666666667,0.14864864864864866,48,29,6,Higher Heat,Highest Vegetation,Highest Built-up,High Heat / Lower Density
130,130-SUBHASH NAGAR,25-QUTUBULLAPUR,KUKATPALLY ZONE,7.947762319994616,67032.0,17160,8434.072044575863,40.328540420000024,0.09781830757856369,0.06062300503253937,0.96,0.41333333333333333,0.6666666666666666,0.22972972972972974,7,89,51,Highest Heat,Moderate Vegetation,Higher Built-up,High Heat / Lower Density
131,131-QUTHBULLAPUR,25-QUTUBULLAPUR,KUKATPALLY ZONE,3.6514451580893,44990.0,11323,12321.149038848504,37.88636513000003,0.11722898483276367,0.05326861888170242,0.08666666666666667,0.66,0.5,0.3310810810810811,138,52,76,Lower Heat,Higher Vegetation,Moderate Built-up,Lower Heat / Lower Density
132,132-JEEDIMETLA,25-QUTUBULLAPUR,KUKATPALLY ZONE,8.93531745226775,62237.0,14942,6965.281349260231,38.19398693000002,0.12802767753601074,0.04930005222558975,0.23333333333333334,0.7533333333333333,0.4266666666666667,0.18243243243243243,116,38,87,Lower Heat,Highest Vegetation,Moderate Built-up,Lower Heat / Lower Density
133,133-MACHABOLARUM,27-ALWAL,KUKATPALLY ZONE,12.583950673492136,57310.0,13387,4554.213655710084,38.64687458000003,0.136932373046875,0.05678533390164375,0.42,0.8333333333333334,0.6,0.060810810810810814,88,26,61,Moderate Heat,Highest Vegetation,Higher Built-up,Lower Heat / Lower Density
134,134-ALWAL,27-ALWAL,KUKATPALLY ZONE,3.3250841805073224,42870.0,10455,12892.90666724087,37.884656120000045,0.1152031198143959,0.04410518705844879,0.08,0.6266666666666667,0.30666666666666664,0.3581081081081081,139,57,105,Lower Heat,Higher Vegetation,Moderate Built-up,Lower Heat / Lower Density
135,135-VENKATAPURAM,27-ALWAL,KUKATPALLY ZONE,2.961900244726882,51033.0,12482,17229.817273844674,37.89491018000001,0.11505360901355743,0.04304925724864006,0.1,0.6133333333333333,0.28,0.4797297297297297,136,59,109,Lower Heat,Higher Vegetation,Moderate Built-up,Lower Heat / Lower Density
136,136-NEREDMET,28-MALKAJGIRI,SECUNDERABAD ZONE,7.375067194046398,61858.0,14704,8387.449005201679,37.650521750000024,0.14922426640987396,0.027619274333119392,0.03333333333333333,0.9,0.06,0.22297297297297297,146,16,142,Lower Heat,Highest Vegetation,Lower Built-up,Lower Heat / Lower Density
137,137-VINAYAK NAGAR,28-MALKAJGIRI,SECUNDERABAD ZONE,2.1965677757780746,54205.0,13413,24677.135209633743,37.99745078000001,0.10105328261852264,0.04178611561655998,0.14,0.44,0.26,0.7027027027027027,130,85,112,Lower Heat,Moderate Vegetation,Moderate Built-up,Lower Heat / High Density
138,138-MOULA-ALI,28-MALKAJGIRI,SECUNDERABAD ZONE,3.562137328949748,48990.0,12111,13752.979033642168,38.27089238000002,0.09779708087444305,0.047555677592754364,0.2633333333333333,0.4066666666666667,0.38,0.38513513513513514,111,90,94,Moderate Heat,Moderate Vegetation,Moderate Built-up,Lower Heat / Lower Density
139,139-EAST ANAND BAGH,28-MALKAJGIRI,SECUNDERABAD ZONE,4.42333197581088,51642.0,12478,11674.909385595696,38.76821429000003,0.13163331151008606,0.04950157180428505,0.47333333333333333,0.78,0.43333333333333335,0.3108108108108108,80,34,86,Moderate Heat,Highest Vegetation,Moderate Built-up,Lower Heat / Lower Density
140,140-MALKAJGIRI,28-MALKAJGIRI,SECUNDERABAD ZONE,2.2393558059859564,52831.0,13038,23592.052615658038,37.94618048000001,0.10338469594717026,0.03870402276515961,0.12,0.48,0.19333333333333333,0.668918918918919,133,79,122,Lower Heat,Moderate Vegetation,Lower Built-up,Lower Heat / High Density
141,141-GOUTHAM NAGAR,28-MALKAJGIRI,SECUNDERABAD ZONE,2.0477546421614474,33742.0,8205,16477.560009037323,38.151261680000005,0.10212711989879608,0.0403733029961586,0.22666666666666666,0.4533333333333333,0.22666666666666666,0.47297297297297297,117,83,117,Lower Heat,Moderate Vegetation,Lower Built-up,Lower Heat / Lower Density
142,142-ADDAGUTTA,29-SECUNDERABAD,SECUNDERABAD ZONE,2.0233136503470877,24089.0,5591,11905.717136770996,39.00234866000005,0.13744793832302094,0.05278893560171127,0.5666666666666667,0.8533333333333334,0.48,0.32432432432432434,66,23,79,Higher Heat,Highest Vegetation,Moderate Built-up,High Heat / Lower Density
143,143-TARNAKA,29-SECUNDERABAD,SECUNDERABAD ZONE,2.4168699264084377,52527.0,12324,21733.48239640565,38.14442564000001,0.11951903998851776,0.033349208533763885,0.22,0.6733333333333333,0.10666666666666667,0.6013513513513513,118,50,135,Lower Heat,Higher Vegetation,Lower Built-up,Lower Heat / High Density
144,144-METTUGUDA,29-SECUNDERABAD,SECUNDERABAD ZONE,3.349306549168933,34190.0,8075,10208.083225013728,38.55117002000003,0.171803280711174,0.0289260633289814,0.38,0.9666666666666667,0.07333333333333333,0.27702702702702703,94,6,140,Moderate Heat,Highest Vegetation,Lower Built-up,Lower Heat / Lower Density
145,145-SEETHAPHALMANDI,29-SECUNDERABAD,SECUNDERABAD ZONE,1.0819042941745622,34659.0,8240,32035.181103004168,38.445211400000005,0.07303010672330856,0.04892773926258087,0.30666666666666664,0.09333333333333334,0.41333333333333333,0.8581081081081081,105,137,89,Moderate Heat,Lower Vegetation,Moderate Built-up,Lower Heat / High Density
146,146-BOUDHA NAGAR,29-SECUNDERABAD,SECUNDERABAD ZONE,0.838298088033669,29920.0,6909,35691.361375022374,38.57167814000002,0.06467514485120773,0.05955826863646507,0.3933333333333333,0.02666666666666667,0.6466666666666666,0.9054054054054054,92,147,54,Moderate Heat,Lower Vegetation,Higher Built-up,Lower Heat / High Density
147,147-BANSILALPET,30-BEGUMPET,SECUNDERABAD ZONE,2.0953996187712844,41336.0,9489,19727.02468288073,38.52382585999999,0.126548171043396,0.031036745756864548,0.37333333333333335,0.72,0.09333333333333334,0.5743243243243243,95,43,137,Moderate Heat,Higher Vegetation,Lower Built-up,Lower Heat / High Density
148,148-RAMGOPALPET,30-BEGUMPET,SECUNDERABAD ZONE,1.6620337457310477,51326.0,12383,30881.442769637746,39.137360450000045,0.08267362415790558,0.05105196684598923,0.5933333333333334,0.23333333333333334,0.4533333333333333,0.8378378378378378,62,116,83,Higher Heat,Lower Vegetation,Moderate Built-up,High Heat / High Density
149,149-BEGUMPET,30-BEGUMPET,SECUNDERABAD ZONE,5.684547562767047,31948.0,8050,5620.148243503971,38.52040784000002,0.13296398520469666,0.0435214564204216,0.36666666666666664,0.7933333333333333,0.3,0.11486486486486487,96,32,106,Moderate Heat,Highest Vegetation,Moderate Built-up,Lower Heat / Lower Density
150,150-MONDA  MARKET,30-BEGUMPET,SECUNDERABAD ZONE,2.5538432529524027,29932.0,7006,11720.374758864598,38.50502675000004,0.09638553857803345,0.0433075837790966,0.32666666666666666,0.38666666666666666,0.2866666666666667,0.31756756756756754,102,93,108,Moderate Heat,Moderate Vegetation,Moderate Built-up,Lower Heat / Lower Density
